Date,Open,High,Low,Close,Volume
2022-01-03,1809.31,1813.09,1803.79,1809.2,118851
2022-01-04,1810.53,1813.99,1794.19,1797.75,121392
2022-01-05,1802.41,1807.72,1796.1,1800.32,114055
2022-01-06,1801.31,1807.93,1789.02,1793.1,120093
2022-01-07,1787.29,1801.8,1782.31,1798.43,129260
2022-01-10,1799.93,1804.43,1792.18,1797.74,111731
2022-01-11,1791.68,1804.93,1788.9,1803.69,113857
2022-01-12,1806.35,1813.82,1800.65,1812.26,113430
2022-01-13,1811.09,1817.51,1805.45,1813.28,128545
2022-01-14,1815.88,1822.89,1813.14,1817.93,116693
2022-01-17,1819.93,1823.43,1807.48,1816.15,116126
2022-01-18,1819.22,1826.07,1804.44,1809.45,131372
2022-01-19,1809.08,1824.22,1806.14,1823.07,132776
2022-01-20,1823.2,1827.71,1810.44,1813.81,131062
2022-01-21,1823.1,1828.34,1818.05,1820.83,119843
2022-01-24,1824.64,1827.51,1812.76,1816.62,131993
2022-01-25,1815.44,1815.76,1811.48,1813.32,120490
2022-01-26,1818.09,1823.13,1813.57,1819.17,127461
2022-01-27,1822.74,1834.94,1820.76,1830.39,134430
2022-01-28,1835.3,1839.93,1827.39,1835.99,123420
2022-01-28,1835.3,1839.93,1827.39,1835.99,123420
2022-01-31,1836.45,1854.24,1834.7,1851.27,125640
2022-02-01,1854.54,1870.55,1853.78,1865.17,133748
2022-02-02,1862.97,1874.84,1858.98,1872.09,143223
2022-02-03,1870.38,1877.11,1862.96,1866.07,124771
2022-02-04,1861.11,1873.64,1859.53,1869.2,136366
2022-02-07,1878.34,1882.9,1864.77,1871.5,117020
2022-02-08,1872.79,1880.28,1872.05,1872.69,138015
2022-02-09,1878.83,1884.91,1874.72,1879.48,124755
2022-02-10,1880.27,1883.88,1863.4,1871.44,124300
2022-02-11,1865.16,1879.02,1860.64,1875.81,137565
2022-02-14,1875.63,1890.83,1870.72,1889.06,135152
2022-02-15,1886.26,1900.78,1882.09,1894.51,137148
2022-02-16,1896.95,1910.63,1888.64,1906.06,133393
2022-02-17,1906.51,1913.47,1900.64,1904.88,136224
2022-02-18,1902.83,1916.01,1898.23,1915.47,133967
2022-02-21,1918.95,1924.16,1909.43,1911.44,136913
2022-02-22,1905.51,1915.44,1901.6,1910.53,125892
2022-02-23,1912.49,1918.04,1907.69,1915.2,142085
2022-02-24,1916.72,1920.72,1901.26,1909.79,116539
2022-02-25,1908.56,1919.26,1900.76,1915.46,133572
2022-02-28,1913.69,1938.02,1910.68,1933.32,127783
2022-03-01,1932.19,1937.98,1931.98,1933.57,152372
2022-03-02,1940.55,1942.53,1927.23,1931.82,163184
2022-03-03,1925.83,1928.74,1919.32,1924.27,141290
2022-03-04,1923.24,1934.63,1920.11,,146562
2022-03-07,1926.01,1940.59,1919.21,1936.66,154888
2022-03-08,1937.89,1941.62,1935.58,1940.1,136522
2022-03-09,1942.42,1945.98,1940.72,1942.93,129449
2022-03-10,1945.51,1946.13,1929.03,1932.36,140848
2022-03-11,1932.65,1949.11,1929.44,1943.11,130450
2022-03-14,1949.22,1955.21,1931.21,1936.18,167472
2022-03-15,1938.66,1943.28,1930.75,1934.3,158695
2022-03-16,1928.71,1947.86,1923.85,1944.66,145248
2022-03-17,1935.64,1935.83,1928.26,1932.12,137621
2022-03-18,1929.04,1934.63,1929.0,1933.08,141862
2022-03-21,1937.05,1942.64,1930.59,1934.21,151393
2022-03-22,1931.57,1934.53,1928.44,1931.27,120108
2022-03-23,1932.27,1935.55,1928.1,1930.68,143296
2022-03-24,1930.83,1945.56,1928.01,1942.58,139672
2022-03-25,1942.08,1946.2,1922.96,1930.65,149141
2022-03-28,1927.8,1942.51,1926.08,1937.17,143807
2022-03-29,1934.1,1946.81,1928.97,1938.82,124225
2022-03-30,1937.19,1945.61,1932.25,1941.61,145214
2022-03-31,1936.98,1942.52,1917.16,1923.76,159178
2022-04-01,1915.54,1942.28,1915.37,1936.75,156922
2022-04-04,1932.18,1945.47,1926.89,1937.45,125729
2022-04-05,1934.52,1942.81,1931.45,1938.59,155461
2022-04-06,1939.86,1947.49,1923.79,1926.14,145345
2022-04-07,1923.38,1932.13,1919.18,1926.83,135306
2022-04-08,not_available,1943.83,1927.27,1940.16,137090
2022-04-11,1939.57,1954.32,1935.94,1949.4,150047
2022-04-12,1952.46,1956.09,1942.37,1948.03,150901
2022-04-13,1944.6,1948.96,1942.08,1946.84,136339
2022-04-14,1946.65,1960.82,1938.09,1953.68,145768
2022-04-15,1952.15,1956.0,1940.36,1941.39,143645
2022-04-18,1939.55,1946.42,1937.07,1943.96,162330
2022-04-19,1940.64,1946.4,1934.73,1943.14,140437
2022-04-20,1946.05,1953.14,1939.25,1947.64,141995
2022-04-21,1944.47,1960.73,1938.08,1957.52,154701
2022-04-22,1952.76,1963.67,1950.02,1958.54,139335
2022-04-25,1959.53,1959.77,1949.81,1954.53,149565
2022-04-26,1958.68,1963.9,1948.41,1951.19,142319
2022-04-27,1945.13,1961.59,1942.39,1958.26,149328
2022-04-28,1958.4,1967.87,1953.95,1961.6,146215
2022-04-29,1964.48,1969.54,1946.8,1953.71,142672
2022-05-02,1953.47,1959.67,1949.45,1955.84,134319
2022-05-03,1958.46,1970.76,1949.96,1964.5,147229
2022-05-04,1964.53,1974.25,1964.0,1966.37,154821
2022-05-05,1956.04,1956.9,1954.8,1956.86,160421
2022-05-06,1955.95,1957.62,1947.03,1952.25,141232
2022-05-09,1948.28,1967.68,1944.04,1965.21,151722
2022-05-10,1965.69,1980.66,1962.81,1979.08,146694
2022-05-11,1980.61,1991.15,1974.87,1987.39,147443
2022-05-12,1988.11,1995.89,1984.31,1988.84,149392
2022-05-13,1991.58,1994.41,1978.33,1983.02,135785
2022-05-16,1977.69,1996.36,1971.58,1993.91,141239
2022-05-17,1994.21,1997.8,1987.52,1995.8,167089
2022-05-18,1990.01,1995.62,1981.13,1982.52,150452
2022-05-19,1985.29,1989.55,1981.1,1986.0,147309
2022-05-20,1984.02,2003.4,1981.04,1998.72,155606
2022-05-23,1998.07,2001.65,1992.48,1999.68,167726
2022-05-24,2002.61,2009.51,1996.75,2003.83,158080
2022-05-25,2007.29,2011.78,2005.24,2007.64,155914
2022-05-26,2007.61,2012.44,1988.05,1994.52,157411
2022-05-27,1994.52,2005.76,1993.34,2003.81,147672
2022-05-30,2006.34,2009.93,1989.46,1994.6,157410
2022-05-31,1998.84,2007.24,1995.39,2004.53,152304
2022-06-01,2007.23,2013.61,1989.0,1992.98,153011
2022-06-02,1983.6,2007.32,1979.32,2002.97,152662
2022-06-03,2006.85,2018.66,2003.02,2015.19,154657
2022-06-06,2009.95,2018.76,2003.9,2012.0,165683
2022-06-07,2020.32,2028.28,1999.6,2003.98,150712
2022-06-08,2005.65,2007.83,1993.67,1997.6,168997
2022-06-09,2005.62,2012.75,1984.38,1985.91,146827
2022-06-10,1981.79,1987.3,1980.62,1983.83,157841
2022-06-13,1979.36,2001.71,1978.34,1998.25,165994
2022-06-14,2006.02,2010.43,1993.02,1996.27,165552
2022-06-15,1990.92,1996.47,1987.27,1991.87,162446
2022-06-16,1989.83,1999.19,1982.35,1994.35,151329
2022-06-17,1993.38,2010.03,1984.53,2007.56,163045
2022-06-20,2010.83,2018.32,2006.59,2017.68,157272
2022-06-21,2010.59,2014.8,2000.77,2005.95,165866
2022-06-22,2002.75,2004.78,1999.47,2002.36,153402
2022-06-23,2002.27,2004.48,1995.94,1999.47,156207
2022-06-24,2001.5,2005.86,1993.11,1998.05,148531
2022-06-27,1999.16,2004.44,1992.73,1993.53,165182
2022-06-28,1992.81,2005.41,1987.91,2001.6,166324
2022-06-29,2001.88,2009.63,1999.45,2005.33,162916
2022-06-30,2004.51,2017.28,2001.49,2013.62,171884
2022-07-01,2017.26,2019.39,2003.11,2005.0,167003
2022-07-04,2006.19,2012.31,2001.04,2004.22,169486
2022-07-05,2009.26,2014.52,1990.02,1995.1,167540
2022-07-06,1993.79,1998.79,1983.0,1986.96,167313
2022-07-07,1987.69,1990.3,1972.41,1974.24,165157
2022-07-08,1977.04,1982.74,1953.68,1957.57,157955
2022-07-11,1956.97,1957.81,1943.87,1948.23,173229
2022-07-12,1946.25,1950.62,1939.31,1944.01,177447
2022-07-13,1941.25,1945.58,1936.89,1942.5,181955
2022-07-14,1938.29,1940.62,1938.1,1938.36,171268
2022-07-15,1933.43,1933.47,1924.22,1925.99,173765
2022-07-18,1918.99,1923.35,1910.81,1914.13,172889
2022-07-19,1914.09,1920.2,1910.34,1918.8,173852
2022-07-20,1913.05,1919.25,1909.84,1913.01,166016
2022-07-21,1917.13,1921.66,1908.82,1912.16,176189
2022-07-22,1917.71,1933.85,1915.95,1928.5,204168
2022-07-25,1927.02,1929.62,1910.99,1918.24,174532
2022-07-26,1919.31,1924.41,1902.96,1906.32,160118
2022-07-27,1904.57,1908.62,1897.22,1900.18,178066
2022-07-28,1893.26,1895.78,1885.73,1892.43,166641
2022-07-29,1894.39,1912.85,1892.06,1911.17,174340
2022-08-01,1920.67,1922.69,1896.6,1901.96,185641
2022-08-02,1897.97,1904.93,1893.25,1901.47,180731
2022-08-03,1895.87,1906.58,1893.22,1902.5,153550
2022-08-04,1896.77,1902.84,1888.88,1897.67,190278
2022-08-05,1895.8,1901.17,1887.89,1894.01,170131
2022-08-08,1902.84,1906.62,1890.95,1893.98,175329
2022-08-09,1889.89,1903.39,1888.22,1899.89,172095
2022-08-10,1902.85,1920.15,1900.72,1916.34,172147
2022-08-11,1914.09,1933.24,1912.84,1926.34,172689
2022-08-12,1918.31,1948.4,1918.01,1942.02,174839
2022-08-15,1945.32,1947.63,1942.35,1942.52,170905
2022-08-16,1938.94,1948.37,1937.32,1944.82,172738
2022-08-17,1945.79,1950.95,1933.29,1940.16,170792
2022-08-18,1940.35,1943.76,1935.94,1939.84,162990
2022-08-19,1936.18,1947.21,1935.35,1945.12,187849
2022-08-22,1949.72,1954.26,1945.79,1946.38,167996
2022-08-23,1943.32,1956.72,1939.68,1954.9,176507
2022-08-24,1953.59,1956.63,1948.12,1949.3,182973
2022-08-25,1954.52,1956.22,1944.5,1945.34,189488
2022-08-26,1942.79,1947.99,1931.86,1935.2,164250
2022-08-29,1934.43,1945.82,1929.25,1939.26,206821
2022-08-30,1939.17,1941.04,1922.32,1928.63,187246
2022-08-31,1925.52,1939.67,1925.46,1937.17,195585
2022-09-01,1936.12,1949.56,1930.62,1943.7,189327
2022-09-02,1940.84,1945.23,1928.4,1933.11,189515
2022-09-05,1933.62,1942.03,1922.0,1927.38,189085
2022-09-06,1930.45,1938.06,1925.26,1929.47,192615
2022-09-07,1931.84,1937.64,1922.13,1924.62,191833
2022-09-08,1921.4,1925.4,1913.4,1921.26,185082
2022-09-09,1918.33,1934.82,1916.69,1930.66,177510
2022-09-09,1918.33,1934.82,1916.69,1930.66,177510
